,50,100,150,1stHalf,2ndHalf,entireSim
10,0.7681818181818182,0.3521739130434783,0.2500327582441581,0.5931642538114364,0.45591865773718465,0.5504264419333996
