,50,100,150,1stHalf,2ndHalf,entireSim
10,3380.0,2340.0,13910.0,5515.466666666666,4543.066666666667,5029.266666666666
